Container,Type,Function,Size,Namespace,Time
vector,int,constructor_default,1000,ft,2e-06
vector,int,constructor_fill,1000,ft,1.1e-05
vector,int,constructor_range,1000,ft,3.5e-05
vector,int,constructor_copy,1000,ft,5.9e-05
vector,int,operator_assign,1000,ft,3.8e-05
vector,int,assign_range,1000,ft,3.2e-05
vector,int,assign_fill,1000,ft,8e-06
vector,int,get_allocator,1000,ft,1e-06
vector,int,begin_end_iter,1000,ft,4.6e-05
vector,int,rbegin_rend_iter,1000,ft,9.1e-05
vector,int,size,1000,ft,3.4e-05
vector,int,max_size,1000,ft,1e-06
vector,int,capacity,1000,ft,3.3e-05
vector,int,reserve,1000,ft,1e-06
vector,int,resize_down,1000,ft,3.5e-05
vector,int,resize_up,1000,ft,4.9e-05
vector,int,empty,1000,ft,1e-06
vector,int,element_access_operator,1000,ft,3.9e-05
vector,int,element_access_at,1000,ft,4e-05
vector,int,front_back,1000,ft,3.6e-05
vector,int,push_back,1000,ft,2.8e-05
vector,int,pop_back,1000,ft,3.6e-05
vector,int,insert_single,1000,ft,3.5e-05
vector,int,insert_fill,1000,ft,3.6e-05
vector,int,insert_range,1000,ft,3.6e-05
vector,int,erase_single,1000,ft,3.5e-05
vector,int,erase_range,1000,ft,3.4e-05
vector,int,swap,1000,ft,4.1e-05
vector,int,clear,1000,ft,3.3e-05
vector,int,constructor_default,1000,std,1e-06
vector,int,constructor_fill,1000,std,3e-06
vector,int,constructor_range,1000,std,8e-06
vector,int,constructor_copy,1000,std,2e-06
vector,int,operator_assign,1000,std,1e-06
vector,int,assign_range,1000,std,1e-06
vector,int,assign_fill,1000,std,3e-06
vector,int,get_allocator,1000,std,1e-06
vector,int,begin_end_iter,1000,std,2.4e-05
vector,int,rbegin_rend_iter,1000,std,5.1e-05
vector,int,size,1000,std,1e-06
vector,int,max_size,1000,std,1e-06
vector,int,capacity,1000,std,1e-06
vector,int,reserve,1000,std,2e-06
vector,int,resize_down,1000,std,1e-06
vector,int,resize_up,1000,std,7e-06
vector,int,empty,1000,std,0
vector,int,element_access_operator,1000,std,6e-06
vector,int,element_access_at,1000,std,1.2e-05
vector,int,front_back,1000,std,1e-06
vector,int,push_back,1000,std,1.7e-05
vector,int,pop_back,1000,std,6e-06
vector,int,insert_single,1000,std,2e-06
vector,int,insert_fill,1000,std,2e-06
vector,int,insert_range,1000,std,3e-06
vector,int,erase_single,1000,std,1e-06
vector,int,erase_range,1000,std,1e-06
vector,int,swap,1000,std,3e-06
vector,int,clear,1000,std,1e-06
vector,string,constructor_default,1000,ft,1e-06
vector,string,constructor_fill,1000,ft,3.1e-05
vector,string,constructor_range,1000,ft,6.6e-05
vector,string,constructor_copy,1000,ft,0.000102
vector,string,operator_assign,1000,ft,8.5e-05
vector,string,assign_range,1000,ft,6.2e-05
vector,string,assign_fill,1000,ft,1.5e-05
vector,string,get_allocator,1000,ft,1e-06
vector,string,begin_end_iter,1000,ft,9.4e-05
vector,string,rbegin_rend_iter,1000,ft,0.000125
vector,string,size,1000,ft,6.6e-05
vector,string,max_size,1000,ft,1e-06
vector,string,capacity,1000,ft,6e-05
vector,string,reserve,1000,ft,1e-06
vector,string,resize_down,1000,ft,6.1e-05
vector,string,resize_up,1000,ft,0.000113
vector,string,empty,1000,ft,0
vector,string,element_access_operator,1000,ft,8.1e-05
vector,string,element_access_at,1000,ft,8.4e-05
vector,string,front_back,1000,ft,6.3e-05
vector,string,push_back,1000,ft,5.1e-05
vector,string,pop_back,1000,ft,6.3e-05
vector,string,insert_single,1000,ft,7.3e-05
vector,string,insert_fill,1000,ft,7.5e-05
vector,string,insert_range,1000,ft,7.5e-05
vector,string,erase_single,1000,ft,7.6e-05
vector,string,erase_range,1000,ft,9.9e-05
vector,string,swap,1000,ft,7e-05
vector,string,clear,1000,ft,6.3e-05
vector,string,constructor_default,1000,std,1e-06
vector,string,constructor_fill,1000,std,2.3e-05
vector,string,constructor_range,1000,std,4.1e-05
vector,string,constructor_copy,1000,std,7.7e-05
vector,string,operator_assign,1000,std,7.6e-05
vector,string,assign_range,1000,std,3.8e-05
vector,string,assign_fill,1000,std,2.5e-05
vector,string,get_allocator,1000,std,1e-06
vector,string,begin_end_iter,1000,std,7.3e-05
vector,string,rbegin_rend_iter,1000,std,0.000103
vector,string,size,1000,std,4.2e-05
vector,string,max_size,1000,std,1e-06
vector,string,capacity,1000,std,3.7e-05
vector,string,reserve,1000,std,1e-06
vector,string,resize_down,1000,std,5.2e-05
vector,string,resize_up,1000,std,0.000134
vector,string,empty,1000,std,1e-06
vector,string,element_access_operator,1000,std,7.2e-05
vector,string,element_access_at,1000,std,6.8e-05
vector,string,front_back,1000,std,3.8e-05
vector,string,push_back,1000,std,6.6e-05
vector,string,pop_back,1000,std,3.8e-05
vector,string,insert_single,1000,std,6.9e-05
vector,string,insert_fill,1000,std,7.2e-05
vector,string,insert_range,1000,std,6.6e-05
vector,string,erase_single,1000,std,4.2e-05
vector,string,erase_range,1000,std,4.3e-05
vector,string,swap,1000,std,5.4e-05
vector,string,clear,1000,std,3.6e-05
vector,point,constructor_default,1000,ft,1e-06
vector,point,constructor_fill,1000,ft,1.6e-05
vector,point,constructor_range,1000,ft,3.5e-05
vector,point,constructor_copy,1000,ft,4.1e-05
vector,point,operator_assign,1000,ft,4.6e-05
vector,point,assign_range,1000,ft,3.3e-05
vector,point,assign_fill,1000,ft,8e-06
vector,point,get_allocator,1000,ft,0
vector,point,begin_end_iter,1000,ft,4.4e-05
vector,point,rbegin_rend_iter,1000,ft,8.9e-05
vector,point,size,1000,ft,3.2e-05
vector,point,max_size,1000,ft,1e-06
vector,point,capacity,1000,ft,3.2e-05
vector,point,reserve,1000,ft,1e-06
vector,point,resize_down,1000,ft,3.4e-05
vector,point,resize_up,1000,ft,4.6e-05
vector,point,empty,1000,ft,1e-06
vector,point,element_access_operator,1000,ft,3.8e-05
vector,point,element_access_at,1000,ft,3.7e-05
vector,point,front_back,1000,ft,3.4e-05
vector,point,push_back,1000,ft,3e-05
vector,point,pop_back,1000,ft,3.3e-05
vector,point,insert_single,1000,ft,3.7e-05
vector,point,insert_fill,1000,ft,3.9e-05
vector,point,insert_range,1000,ft,3.7e-05
vector,point,erase_single,1000,ft,3.5e-05
vector,point,erase_range,1000,ft,3.7e-05
vector,point,swap,1000,ft,4.1e-05
vector,point,clear,1000,ft,3.3e-05
vector,point,constructor_default,1000,std,1e-06
vector,point,constructor_fill,1000,std,1e-05
vector,point,constructor_range,1000,std,1.6e-05
vector,point,constructor_copy,1000,std,3.1e-05
vector,point,operator_assign,1000,std,3e-05
vector,point,assign_range,1000,std,1.5e-05
vector,point,assign_fill,1000,std,9e-06
vector,point,get_allocator,1000,std,1e-06
vector,point,begin_end_iter,1000,std,2.8e-05
vector,point,rbegin_rend_iter,1000,std,5.7e-05
vector,point,size,1000,std,1.5e-05
vector,point,max_size,1000,std,1e-06
vector,point,capacity,1000,std,1.5e-05
vector,point,reserve,1000,std,1e-06
vector,point,resize_down,1000,std,1.6e-05
vector,point,resize_up,1000,std,5e-05
vector,point,empty,1000,std,0
vector,point,element_access_operator,1000,std,2e-05
vector,point,element_access_at,1000,std,2.7e-05
vector,point,front_back,1000,std,1.5e-05
vector,point,push_back,1000,std,3.5e-05
vector,point,pop_back,1000,std,1.9e-05
vector,point,insert_single,1000,std,3.3e-05
vector,point,insert_fill,1000,std,4.2e-05
vector,point,insert_range,1000,std,4.1e-05
vector,point,erase_single,1000,std,1.6e-05
vector,point,erase_range,1000,std,1.6e-05
vector,point,swap,1000,std,2.2e-05
vector,point,clear,1000,std,1.5e-05
vector,int,constructor_default,10000,ft,1e-06
vector,int,constructor_fill,10000,ft,8.1e-05
vector,int,constructor_range,10000,ft,0.000437
vector,int,constructor_copy,10000,ft,0.00049
vector,int,operator_assign,10000,ft,0.000427
vector,int,assign_range,10000,ft,0.000376
vector,int,assign_fill,10000,ft,8e-05
vector,int,get_allocator,10000,ft,1e-06
vector,int,begin_end_iter,10000,ft,0.000541
vector,int,rbegin_rend_iter,10000,ft,0.001058
vector,int,size,10000,ft,0.000415
vector,int,max_size,10000,ft,1e-06
vector,int,capacity,10000,ft,0.000376
vector,int,reserve,10000,ft,1e-06
vector,int,resize_down,10000,ft,0.000392
vector,int,resize_up,10000,ft,0.000517
vector,int,empty,10000,ft,1e-06
vector,int,element_access_operator,10000,ft,0.000416
vector,int,element_access_at,10000,ft,0.000396
vector,int,front_back,10000,ft,0.000306
vector,int,push_back,10000,ft,0.000234
vector,int,pop_back,10000,ft,0.000317
vector,int,insert_single,10000,ft,0.000301
vector,int,insert_fill,10000,ft,0.000302
vector,int,insert_range,10000,ft,0.000294
vector,int,erase_single,10000,ft,0.000303
vector,int,erase_range,10000,ft,0.000286
vector,int,swap,10000,ft,0.000287
vector,int,clear,10000,ft,0.000225
vector,int,constructor_default,10000,std,0
vector,int,constructor_fill,10000,std,1e-05
vector,int,constructor_range,10000,std,2e-06
vector,int,constructor_copy,10000,std,2.2e-05
vector,int,operator_assign,10000,std,4e-06
vector,int,assign_range,10000,std,2e-06
vector,int,assign_fill,10000,std,1e-05
vector,int,get_allocator,10000,std,0
vector,int,begin_end_iter,10000,std,8e-05
vector,int,rbegin_rend_iter,10000,std,0.000288
vector,int,size,10000,std,2e-06
vector,int,max_size,10000,std,0
vector,int,capacity,10000,std,2e-06
vector,int,reserve,10000,std,0
vector,int,resize_down,10000,std,1e-06
vector,int,resize_up,10000,std,3.3e-05
vector,int,empty,10000,std,0
vector,int,element_access_operator,10000,std,3.3e-05
vector,int,element_access_at,10000,std,6.7e-05
vector,int,front_back,10000,std,2e-06
vector,int,push_back,10000,std,7.2e-05
vector,int,pop_back,10000,std,2.3e-05
vector,int,insert_single,10000,std,3e-06
vector,int,insert_fill,10000,std,3e-06
vector,int,insert_range,10000,std,3e-06
vector,int,erase_single,10000,std,2e-06
vector,int,erase_range,10000,std,2e-06
vector,int,swap,10000,std,1e-05
vector,int,clear,10000,std,1e-06
vector,string,constructor_default,10000,ft,1e-06
vector,string,constructor_fill,10000,ft,0.000156
vector,string,constructor_range,10000,ft,0.000557
vector,string,constructor_copy,10000,ft,0.00067
vector,string,operator_assign,10000,ft,0.000645
vector,string,assign_range,10000,ft,0.00048
vector,string,assign_fill,10000,ft,0.000109
vector,string,get_allocator,10000,ft,1e-06
vector,string,begin_end_iter,10000,ft,0.000586
vector,string,rbegin_rend_iter,10000,ft,0.000785
vector,string,size,10000,ft,0.000462
vector,string,max_size,10000,ft,1e-06
vector,string,capacity,10000,ft,0.000473
vector,string,reserve,10000,ft,2e-06
vector,string,resize_down,10000,ft,0.000464
vector,string,resize_up,10000,ft,0.000745
vector,string,empty,10000,ft,0
vector,string,element_access_operator,10000,ft,0.000534
vector,string,element_access_at,10000,ft,0.000382
vector,string,front_back,10000,ft,0.000306
vector,string,push_back,10000,ft,0.00028
vector,string,pop_back,10000,ft,0.000309
vector,string,insert_single,10000,ft,0.000354
vector,string,insert_fill,10000,ft,0.000365
vector,string,insert_range,10000,ft,0.000342
vector,string,erase_single,10000,ft,0.00036
vector,string,erase_range,10000,ft,0.00036
vector,string,swap,10000,ft,0.000355
vector,string,clear,10000,ft,0.000303
vector,string,constructor_default,10000,std,1e-06
vector,string,constructor_fill,10000,std,8e-05
vector,string,constructor_range,10000,std,0.000159
vector,string,constructor_copy,10000,std,0.000386
vector,string,operator_assign,10000,std,0.00034
vector,string,assign_range,10000,std,0.000168
vector,string,assign_fill,10000,std,8.9e-05
vector,string,get_allocator,10000,std,1e-06
vector,string,begin_end_iter,10000,std,0.000313
vector,string,rbegin_rend_iter,10000,std,0.000407
vector,string,size,10000,std,0.000168
vector,string,max_size,10000,std,1e-06
vector,string,capacity,10000,std,0.000183
vector,string,reserve,10000,std,0
vector,string,resize_down,10000,std,0.000168
vector,string,resize_up,10000,std,0.000439
vector,string,empty,10000,std,1e-06
vector,string,element_access_operator,10000,std,0.000257
vector,string,element_access_at,10000,std,0.000308
vector,string,front_back,10000,std,0.000176
vector,string,push_back,10000,std,0.000352
vector,string,pop_back,10000,std,0.000177
vector,string,insert_single,10000,std,0.000282
vector,string,insert_fill,10000,std,0.000319
vector,string,insert_range,10000,std,0.0003
vector,string,erase_single,10000,std,0.000203
vector,string,erase_range,10000,std,0.000192
vector,string,swap,10000,std,0.000224
vector,string,clear,10000,std,0.000162
vector,point,constructor_default,10000,ft,0
vector,point,constructor_fill,10000,ft,3.6e-05
vector,point,constructor_range,10000,ft,0.000182
vector,point,constructor_copy,10000,ft,0.000196
vector,point,operator_assign,10000,ft,0.000175
vector,point,assign_range,10000,ft,0.000151
vector,point,assign_fill,10000,ft,4e-05
vector,point,get_allocator,10000,ft,0
vector,point,begin_end_iter,10000,ft,0.000207
vector,point,rbegin_rend_iter,10000,ft,0.000379
vector,point,size,10000,ft,0.00015
vector,point,max_size,10000,ft,1e-06
vector,point,capacity,10000,ft,0.000146
vector,point,reserve,10000,ft,1e-06
vector,point,resize_down,10000,ft,0.000146
vector,point,resize_up,10000,ft,0.000228
vector,point,empty,10000,ft,0
vector,point,element_access_operator,10000,ft,0.000167
vector,point,element_access_at,10000,ft,0.000171
vector,point,front_back,10000,ft,0.000144
vector,point,push_back,10000,ft,0.000118
vector,point,pop_back,10000,ft,0.00015
vector,point,insert_single,10000,ft,0.000164
vector,point,insert_fill,10000,ft,0.000158
vector,point,insert_range,10000,ft,0.000157
vector,point,erase_single,10000,ft,0.000158
vector,point,erase_range,10000,ft,0.000156
vector,point,swap,10000,ft,0.000174
vector,point,clear,10000,ft,0.000153
vector,point,constructor_default,10000,std,1e-06
vector,point,constructor_fill,10000,std,3.3e-05
vector,point,constructor_range,10000,std,6.3e-05
vector,point,constructor_copy,10000,std,0.000119
vector,point,operator_assign,10000,std,0.000119
vector,point,assign_range,10000,std,6.4e-05
vector,point,assign_fill,10000,std,3.3e-05
vector,point,get_allocator,10000,std,1e-06
vector,point,begin_end_iter,10000,std,0.000133
vector,point,rbegin_rend_iter,10000,std,0.00025
vector,point,size,10000,std,6.2e-05
vector,point,max_size,10000,std,0
vector,point,capacity,10000,std,6.2e-05
vector,point,reserve,10000,std,1e-06
vector,point,resize_down,10000,std,6.2e-05
vector,point,resize_up,10000,std,0.0002
vector,point,empty,10000,std,0
vector,point,element_access_operator,10000,std,7.9e-05
vector,point,element_access_at,10000,std,0.000109
vector,point,front_back,10000,std,6.2e-05
vector,point,push_back,10000,std,0.000181
vector,point,pop_back,10000,std,7.6e-05
vector,point,insert_single,10000,std,0.000134
vector,point,insert_fill,10000,std,0.000164
vector,point,insert_range,10000,std,0.00017
vector,point,erase_single,10000,std,6e-05
vector,point,erase_range,10000,std,6.1e-05
vector,point,swap,10000,std,9.7e-05
vector,point,clear,10000,std,6.9e-05
vector,int,constructor_default,100000,ft,0
vector,int,constructor_fill,100000,ft,0.000314
vector,int,constructor_range,100000,ft,0.001478
vector,int,constructor_copy,100000,ft,0.001798
vector,int,operator_assign,100000,ft,0.001645
vector,int,assign_range,100000,ft,0.001364
vector,int,assign_fill,100000,ft,0.000316
vector,int,get_allocator,100000,ft,0
vector,int,begin_end_iter,100000,ft,0.002002
vector,int,rbegin_rend_iter,100000,ft,0.003801
vector,int,size,100000,ft,0.001422
vector,int,max_size,100000,ft,1e-06
vector,int,capacity,100000,ft,0.001407
vector,int,reserve,100000,ft,0
vector,int,resize_down,100000,ft,0.001445
vector,int,resize_up,100000,ft,0.002306
vector,int,empty,100000,ft,0
vector,int,element_access_operator,100000,ft,0.001569
vector,int,element_access_at,100000,ft,0.001604
vector,int,front_back,100000,ft,0.001397
vector,int,push_back,100000,ft,0.001022
vector,int,pop_back,100000,ft,0.00144
vector,int,insert_single,100000,ft,0.001501
vector,int,insert_fill,100000,ft,0.001482
vector,int,insert_range,100000,ft,0.001491
vector,int,erase_single,100000,ft,0.001506
vector,int,erase_range,100000,ft,0.001773
vector,int,swap,100000,ft,0.001661
vector,int,clear,100000,ft,0.001411
vector,int,constructor_default,100000,std,0
vector,int,constructor_fill,100000,std,6.3e-05
vector,int,constructor_range,100000,std,1.1e-05
vector,int,constructor_copy,100000,std,0.00012
vector,int,operator_assign,100000,std,2.3e-05
vector,int,assign_range,100000,std,1.1e-05
vector,int,assign_fill,100000,std,6.3e-05
vector,int,get_allocator,100000,std,1e-06
vector,int,begin_end_iter,100000,std,0.000553
vector,int,rbegin_rend_iter,100000,std,0.001639
vector,int,size,100000,std,9e-06
vector,int,max_size,100000,std,0
vector,int,capacity,100000,std,9e-06
vector,int,reserve,100000,std,1e-06
vector,int,resize_down,100000,std,9e-06
vector,int,resize_up,100000,std,0.00019
vector,int,empty,100000,std,1e-06
vector,int,element_access_operator,100000,std,0.000211
vector,int,element_access_at,100000,std,0.000517
vector,int,front_back,100000,std,9e-06
vector,int,push_back,100000,std,0.000518
vector,int,pop_back,100000,std,0.000171
vector,int,insert_single,100000,std,2.1e-05
vector,int,insert_fill,100000,std,2.3e-05
vector,int,insert_range,100000,std,2.2e-05
vector,int,erase_single,100000,std,1.5e-05
vector,int,erase_range,100000,std,1.3e-05
vector,int,swap,100000,std,7.2e-05
vector,int,clear,100000,std,1.3e-05
vector,string,constructor_default,100000,ft,0
vector,string,constructor_fill,100000,ft,0.001518
vector,string,constructor_range,100000,ft,0.004863
vector,string,constructor_copy,100000,ft,0.006173
vector,string,operator_assign,100000,ft,0.006489
vector,string,assign_range,100000,ft,0.004424
vector,string,assign_fill,100000,ft,0.001208
vector,string,get_allocator,100000,ft,1e-06
vector,string,begin_end_iter,100000,ft,0.005689
vector,string,rbegin_rend_iter,100000,ft,0.007531
vector,string,size,100000,ft,0.004423
vector,string,max_size,100000,ft,0
vector,string,capacity,100000,ft,0.004636
vector,string,reserve,100000,ft,4e-06
vector,string,resize_down,100000,ft,0.004503
vector,string,resize_up,100000,ft,0.007557
vector,string,empty,100000,ft,1e-06
vector,string,element_access_operator,100000,ft,0.005029
vector,string,element_access_at,100000,ft,0.003507
vector,string,front_back,100000,ft,0.002637
vector,string,push_back,100000,ft,0.002288
vector,string,pop_back,100000,ft,0.002714
vector,string,insert_single,100000,ft,0.003248
vector,string,insert_fill,100000,ft,0.003221
vector,string,insert_range,100000,ft,0.003197
vector,string,erase_single,100000,ft,0.00305
vector,string,erase_range,100000,ft,0.003093
vector,string,swap,100000,ft,0.00326
vector,string,clear,100000,ft,0.002694
vector,string,constructor_default,100000,std,0
vector,string,constructor_fill,100000,std,0.000826
vector,string,constructor_range,100000,std,0.001577
vector,string,constructor_copy,100000,std,0.003946
vector,string,operator_assign,100000,std,0.003334
vector,string,assign_range,100000,std,0.001835
vector,string,assign_fill,100000,std,0.000808
vector,string,get_allocator,100000,std,0
vector,string,begin_end_iter,100000,std,0.002801
vector,string,rbegin_rend_iter,100000,std,0.004228
vector,string,size,100000,std,0.00161
vector,string,max_size,100000,std,1e-06
vector,string,capacity,100000,std,0.001733
vector,string,reserve,100000,std,1e-06
vector,string,resize_down,100000,std,0.001773
vector,string,resize_up,100000,std,0.004797
vector,string,empty,100000,std,1e-06
vector,string,element_access_operator,100000,std,0.00231
vector,string,element_access_at,100000,std,0.002796
vector,string,front_back,100000,std,0.001561
vector,string,push_back,100000,std,0.003099
vector,string,pop_back,100000,std,0.001788
vector,string,insert_single,100000,std,0.002934
vector,string,insert_fill,100000,std,0.003007
vector,string,insert_range,100000,std,0.002738
vector,string,erase_single,100000,std,0.001904
vector,string,erase_range,100000,std,0.001738
vector,string,swap,100000,std,0.002555
vector,string,clear,100000,std,0.001529
vector,point,constructor_default,100000,ft,0
vector,point,constructor_fill,100000,ft,0.000331
vector,point,constructor_range,100000,ft,0.001507
vector,point,constructor_copy,100000,ft,0.001827
vector,point,operator_assign,100000,ft,0.001607
vector,point,assign_range,100000,ft,0.001303
vector,point,assign_fill,100000,ft,0.000347
vector,point,get_allocator,100000,ft,0
vector,point,begin_end_iter,100000,ft,0.001819
vector,point,rbegin_rend_iter,100000,ft,0.003457
vector,point,size,100000,ft,0.001318
vector,point,max_size,100000,ft,1e-06
vector,point,capacity,100000,ft,0.001288
vector,point,reserve,100000,ft,1e-06
vector,point,resize_down,100000,ft,0.001319
vector,point,resize_up,100000,ft,0.002114
vector,point,empty,100000,ft,1e-06
vector,point,element_access_operator,100000,ft,0.001617
vector,point,element_access_at,100000,ft,0.00154
vector,point,front_back,100000,ft,0.001333
vector,point,push_back,100000,ft,0.001053
vector,point,pop_back,100000,ft,0.001388
vector,point,insert_single,100000,ft,0.001461
vector,point,insert_fill,100000,ft,0.001471
vector,point,insert_range,100000,ft,0.001478
vector,point,erase_single,100000,ft,0.001433
vector,point,erase_range,100000,ft,0.001478
vector,point,swap,100000,ft,0.001637
vector,point,clear,100000,ft,0.00134
vector,point,constructor_default,100000,std,1e-06
vector,point,constructor_fill,100000,std,0.000331
vector,point,constructor_range,100000,std,0.00062
vector,point,constructor_copy,100000,std,0.001195
vector,point,operator_assign,100000,std,0.001206
vector,point,assign_range,100000,std,0.000597
vector,point,assign_fill,100000,std,0.000363
vector,point,get_allocator,100000,std,0
vector,point,begin_end_iter,100000,std,0.001137
vector,point,rbegin_rend_iter,100000,std,0.002503
vector,point,size,100000,std,0.000623
vector,point,max_size,100000,std,1e-06
vector,point,capacity,100000,std,0.000621
vector,point,reserve,100000,std,1e-06
vector,point,resize_down,100000,std,0.000626
vector,point,resize_up,100000,std,0.001848
vector,point,empty,100000,std,0
vector,point,element_access_operator,100000,std,0.000812
vector,point,element_access_at,100000,std,0.001085
vector,point,front_back,100000,std,0.000595
vector,point,push_back,100000,std,0.001518
vector,point,pop_back,100000,std,0.000757
vector,point,insert_single,100000,std,0.001372
vector,point,insert_fill,100000,std,0.001529
vector,point,insert_range,100000,std,0.001631
vector,point,erase_single,100000,std,0.000692
vector,point,erase_range,100000,std,0.000613
vector,point,swap,100000,std,0.000921
vector,point,clear,100000,std,0.000628
deque,int,constructor_default,1000,ft,2e-06
deque,int,constructor_fill,1000,ft,4.6e-05
deque,int,constructor_range,1000,ft,5.3e-05
deque,int,constructor_copy,1000,ft,9.5e-05
deque,int,operator_assign,1000,ft,9.8e-05
deque,int,assign_range,1000,ft,4.9e-05
deque,int,assign_fill,1000,ft,4.2e-05
deque,int,get_allocator,1000,ft,0
deque,int,begin_end_iter,1000,ft,6e-05
deque,int,rbegin_rend_iter,1000,ft,7.8e-05
deque,int,size,1000,ft,4.3e-05
deque,int,max_size,1000,ft,1e-06
deque,int,resize_down,1000,ft,3.7e-05
deque,int,resize_up,1000,ft,8.1e-05
deque,int,empty,1000,ft,1e-06
deque,int,element_access_operator,1000,ft,5.3e-05
deque,int,element_access_at,1000,ft,5.6e-05
deque,int,element_access_front_back,1000,ft,4.5e-05
deque,int,push_back,1000,ft,4.6e-05
deque,int,push_front,1000,ft,3.6e-05
deque,int,pop_back,1000,ft,3e-05
deque,int,pop_front,1000,ft,3.2e-05
deque,int,insert_single,1000,ft,4.6e-05
deque,int,insert_fill,1000,ft,4.7e-05
deque,int,insert_range,1000,ft,7.6e-05
deque,int,erase_single,1000,ft,6.1e-05
deque,int,erase_range,1000,ft,5.2e-05
deque,int,swap,1000,ft,8.9e-05
deque,int,clear,1000,ft,5.1e-05
deque,int,constructor_default,1000,std,2e-06
deque,int,constructor_fill,1000,std,2e-06
deque,int,constructor_range,1000,std,2e-06
deque,int,constructor_copy,1000,std,3e-06
deque,int,operator_assign,1000,std,5e-06
deque,int,assign_range,1000,std,3e-06
deque,int,assign_fill,1000,std,3e-06
deque,int,get_allocator,1000,std,1e-06
deque,int,begin_end_iter,1000,std,7e-06
deque,int,rbegin_rend_iter,1000,std,2.8e-05
deque,int,size,1000,std,2e-06
deque,int,max_size,1000,std,0
deque,int,resize_down,1000,std,1e-06
deque,int,resize_up,1000,std,3e-06
deque,int,empty,1000,std,1e-06
deque,int,element_access_operator,1000,std,2.4e-05
deque,int,element_access_at,1000,std,3.3e-05
deque,int,element_access_front_back,1000,std,1e-06
deque,int,push_back,1000,std,7e-06
deque,int,push_front,1000,std,7e-06
deque,int,pop_back,1000,std,4e-06
deque,int,pop_front,1000,std,4e-06
deque,int,insert_single,1000,std,3e-06
deque,int,insert_fill,1000,std,3e-06
deque,int,insert_range,1000,std,3e-06
deque,int,erase_single,1000,std,2e-06
deque,int,erase_range,1000,std,2e-06
deque,int,swap,1000,std,4e-06
deque,int,clear,1000,std,1e-06
deque,string,constructor_default,1000,ft,6e-06
deque,string,constructor_fill,1000,ft,4.7e-05
deque,string,constructor_range,1000,ft,5.1e-05
deque,string,constructor_copy,1000,ft,0.000119
deque,string,operator_assign,1000,ft,0.000131
deque,string,assign_range,1000,ft,5.1e-05
deque,string,assign_fill,1000,ft,4.4e-05
deque,string,get_allocator,1000,ft,1e-06
deque,string,begin_end_iter,1000,ft,7e-05
deque,string,rbegin_rend_iter,1000,ft,8.7e-05
deque,string,size,1000,ft,5.1e-05
deque,string,max_size,1000,ft,1e-06
deque,string,resize_down,1000,ft,4.2e-05
deque,string,resize_up,1000,ft,9.2e-05
deque,string,empty,1000,ft,1e-06
deque,string,element_access_operator,1000,ft,6.1e-05
deque,string,element_access_at,1000,ft,7e-05
deque,string,element_access_front_back,1000,ft,4.8e-05
deque,string,push_back,1000,ft,4.6e-05
deque,string,push_front,1000,ft,4.5e-05
deque,string,pop_back,1000,ft,3.8e-05
deque,string,pop_front,1000,ft,3.9e-05
deque,string,insert_single,1000,ft,6e-05
deque,string,insert_fill,1000,ft,5.5e-05
deque,string,insert_range,1000,ft,0.000112
deque,string,erase_single,1000,ft,6.8e-05
deque,string,erase_range,1000,ft,6.3e-05
deque,string,swap,1000,ft,0.000105
deque,string,clear,1000,ft,4.9e-05
deque,string,constructor_default,1000,std,2e-06
deque,string,constructor_fill,1000,std,1.4e-05
deque,string,constructor_range,1000,std,2.2e-05
deque,string,constructor_copy,1000,std,4.5e-05
deque,string,operator_assign,1000,std,4.6e-05
deque,string,assign_range,1000,std,2.4e-05
deque,string,assign_fill,1000,std,1.8e-05
deque,string,get_allocator,1000,std,1e-06
deque,string,begin_end_iter,1000,std,3.8e-05
deque,string,rbegin_rend_iter,1000,std,5.4e-05
deque,string,size,1000,std,2.3e-05
deque,string,max_size,1000,std,0
deque,string,resize_down,1000,std,2.3e-05
deque,string,resize_up,1000,std,4e-05
deque,string,empty,1000,std,1e-06
deque,string,element_access_operator,1000,std,5.4e-05
deque,string,element_access_at,1000,std,5.9e-05
deque,string,element_access_front_back,1000,std,2.8e-05
deque,string,push_back,1000,std,2.4e-05
deque,string,push_front,1000,std,2.1e-05
deque,string,pop_back,1000,std,2.5e-05
deque,string,pop_front,1000,std,2.4e-05
deque,string,insert_single,1000,std,2.8e-05
deque,string,insert_fill,1000,std,3e-05
deque,string,insert_range,1000,std,2.9e-05
deque,string,erase_single,1000,std,2.9e-05
deque,string,erase_range,1000,std,2.6e-05
deque,string,swap,1000,std,3.5e-05
deque,string,clear,1000,std,2.1e-05
deque,point,constructor_default,1000,ft,2e-06
deque,point,constructor_fill,1000,ft,4e-05
deque,point,constructor_range,1000,ft,4.5e-05
deque,point,constructor_copy,1000,ft,8.8e-05
deque,point,operator_assign,1000,ft,8.9e-05
deque,point,assign_range,1000,ft,4.5e-05
deque,point,assign_fill,1000,ft,3.8e-05
deque,point,get_allocator,1000,ft,1e-06
deque,point,begin_end_iter,1000,ft,5.6e-05
deque,point,rbegin_rend_iter,1000,ft,6.6e-05
deque,point,size,1000,ft,4.3e-05
deque,point,max_size,1000,ft,1e-06
deque,point,resize_down,1000,ft,3.5e-05
deque,point,resize_up,1000,ft,7.7e-05
deque,point,empty,1000,ft,1e-06
deque,point,element_access_operator,1000,ft,5.4e-05
deque,point,element_access_at,1000,ft,5e-05
deque,point,element_access_front_back,1000,ft,4.1e-05
deque,point,push_back,1000,ft,4.5e-05
deque,point,push_front,1000,ft,4.3e-05
deque,point,pop_back,1000,ft,2.8e-05
deque,point,pop_front,1000,ft,3.2e-05
deque,point,insert_single,1000,ft,4.9e-05
deque,point,insert_fill,1000,ft,4.4e-05
deque,point,insert_range,1000,ft,6.2e-05
deque,point,erase_single,1000,ft,5.5e-05
deque,point,erase_range,1000,ft,5e-05
deque,point,swap,1000,ft,7.9e-05
deque,point,clear,1000,ft,5.7e-05
deque,point,constructor_default,1000,std,2e-06
deque,point,constructor_fill,1000,std,6e-06
deque,point,constructor_range,1000,std,8e-06
deque,point,constructor_copy,1000,std,1.9e-05
deque,point,operator_assign,1000,std,2.1e-05
deque,point,assign_range,1000,std,1.7e-05
deque,point,assign_fill,1000,std,9e-06
deque,point,get_allocator,1000,std,1e-06
deque,point,begin_end_iter,1000,std,1.5e-05
deque,point,rbegin_rend_iter,1000,std,3.7e-05
deque,point,size,1000,std,8e-06
deque,point,max_size,1000,std,0
deque,point,resize_down,1000,std,8e-06
deque,point,resize_up,1000,std,1.6e-05
deque,point,empty,1000,std,0
deque,point,element_access_operator,1000,std,3e-05
deque,point,element_access_at,1000,std,4e-05
deque,point,element_access_front_back,1000,std,7e-06
deque,point,push_back,1000,std,8e-06
deque,point,push_front,1000,std,7e-06
deque,point,pop_back,1000,std,1e-05
deque,point,pop_front,1000,std,1.1e-05
deque,point,insert_single,1000,std,1e-05
deque,point,insert_fill,1000,std,1.1e-05
deque,point,insert_range,1000,std,1e-05
deque,point,erase_single,1000,std,8e-06
deque,point,erase_range,1000,std,8e-06
deque,point,swap,1000,std,1.2e-05
deque,point,clear,1000,std,9e-06
deque,int,constructor_default,10000,ft,2e-06
deque,int,constructor_fill,10000,ft,0.000425
deque,int,constructor_range,10000,ft,0.000414
deque,int,constructor_copy,10000,ft,0.000982
deque,int,operator_assign,10000,ft,0.000947
deque,int,assign_range,10000,ft,0.000566
deque,int,assign_fill,10000,ft,0.000396
deque,int,get_allocator,10000,ft,1e-06
deque,int,begin_end_iter,10000,ft,0.000585
deque,int,rbegin_rend_iter,10000,ft,0.000662
deque,int,size,10000,ft,0.000412
deque,int,max_size,10000,ft,1e-06
deque,int,resize_down,10000,ft,0.000384
deque,int,resize_up,10000,ft,0.000855
deque,int,empty,10000,ft,1e-06
deque,int,element_access_operator,10000,ft,0.000461
deque,int,element_access_at,10000,ft,0.000558
deque,int,element_access_front_back,10000,ft,0.000407
deque,int,push_back,10000,ft,0.000366
deque,int,push_front,10000,ft,0.000332
deque,int,pop_back,10000,ft,0.000285
deque,int,pop_front,10000,ft,0.00028
deque,int,insert_single,10000,ft,0.000441
deque,int,insert_fill,10000,ft,0.000487
deque,int,insert_range,10000,ft,0.000724
deque,int,erase_single,10000,ft,0.000525
deque,int,erase_range,10000,ft,0.000528
deque,int,swap,10000,ft,0.000765
deque,int,clear,10000,ft,0.000402
deque,int,constructor_default,10000,std,1e-06
deque,int,constructor_fill,10000,std,1.2e-05
deque,int,constructor_range,10000,std,8e-06
deque,int,constructor_copy,10000,std,1.2e-05
deque,int,operator_assign,10000,std,1.5e-05
deque,int,assign_range,10000,std,8e-06
deque,int,assign_fill,10000,std,2.6e-05
deque,int,get_allocator,10000,std,0
deque,int,begin_end_iter,10000,std,6.6e-05
deque,int,rbegin_rend_iter,10000,std,0.000296
deque,int,size,10000,std,6e-06
deque,int,max_size,10000,std,1e-06
deque,int,resize_down,10000,std,6e-06
deque,int,resize_up,10000,std,2.2e-05
deque,int,empty,10000,std,0
deque,int,element_access_operator,10000,std,0.000253
deque,int,element_access_at,10000,std,0.000328
deque,int,element_access_front_back,10000,std,7e-06
deque,int,push_back,10000,std,5.9e-05
deque,int,push_front,10000,std,5.8e-05
deque,int,pop_back,10000,std,3.2e-05
deque,int,pop_front,10000,std,3.4e-05
deque,int,insert_single,10000,std,1e-05
deque,int,insert_fill,10000,std,1.1e-05
deque,int,insert_range,10000,std,1.2e-05
deque,int,erase_single,10000,std,1.1e-05
deque,int,erase_range,10000,std,8e-06
deque,int,swap,10000,std,1.6e-05
deque,int,clear,10000,std,6e-06
deque,string,constructor_default,10000,ft,1e-06
deque,string,constructor_fill,10000,ft,0.00057
deque,string,constructor_range,10000,ft,0.000469
deque,string,constructor_copy,10000,ft,0.000965
deque,string,operator_assign,10000,ft,0.001054
deque,string,assign_range,10000,ft,0.000814
deque,string,assign_fill,10000,ft,0.000383
deque,string,get_allocator,10000,ft,1e-06
deque,string,begin_end_iter,10000,ft,0.000655
deque,string,rbegin_rend_iter,10000,ft,0.000798
deque,string,size,10000,ft,0.00049
deque,string,max_size,10000,ft,1e-06
deque,string,resize_down,10000,ft,0.000424
deque,string,resize_up,10000,ft,0.000889
deque,string,empty,10000,ft,1e-06
deque,string,element_access_operator,10000,ft,0.000578
deque,string,element_access_at,10000,ft,0.000599
deque,string,element_access_front_back,10000,ft,0.000552
deque,string,push_back,10000,ft,0.000434
deque,string,push_front,10000,ft,0.000404
deque,string,pop_back,10000,ft,0.000359
deque,string,pop_front,10000,ft,0.000329
deque,string,insert_single,10000,ft,0.000576
deque,string,insert_fill,10000,ft,0.000609
deque,string,insert_range,10000,ft,0.001012
deque,string,erase_single,10000,ft,0.000617
deque,string,erase_range,10000,ft,0.000609
deque,string,swap,10000,ft,0.000876
deque,string,clear,10000,ft,0.000499
deque,string,constructor_default,10000,std,2e-06
deque,string,constructor_fill,10000,std,0.000127
deque,string,constructor_range,10000,std,0.000196
deque,string,constructor_copy,10000,std,0.000419
deque,string,operator_assign,10000,std,0.000479
deque,string,assign_range,10000,std,0.000229
deque,string,assign_fill,10000,std,0.000166
deque,string,get_allocator,10000,std,1e-06
deque,string,begin_end_iter,10000,std,0.000358
deque,string,rbegin_rend_iter,10000,std,0.000546
deque,string,size,10000,std,0.000204
deque,string,max_size,10000,std,1e-06
deque,string,resize_down,10000,std,0.000201
deque,string,resize_up,10000,std,0.000374
deque,string,empty,10000,std,0
deque,string,element_access_operator,10000,std,0.000533
deque,string,element_access_at,10000,std,0.000618
deque,string,element_access_front_back,10000,std,0.000208
deque,string,push_back,10000,std,0.000179
deque,string,push_front,10000,std,0.000185
deque,string,pop_back,10000,std,0.000209
deque,string,pop_front,10000,std,0.000226
deque,string,insert_single,10000,std,0.000259
deque,string,insert_fill,10000,std,0.000267
deque,string,insert_range,10000,std,0.000268
deque,string,erase_single,10000,std,0.000245
deque,string,erase_range,10000,std,0.00023
deque,string,swap,10000,std,0.000342
deque,string,clear,10000,std,0.000204
deque,point,constructor_default,10000,ft,2e-06
deque,point,constructor_fill,10000,ft,0.000618
deque,point,constructor_range,10000,ft,0.000623
deque,point,constructor_copy,10000,ft,0.000866
deque,point,operator_assign,10000,ft,0.000853
deque,point,assign_range,10000,ft,0.000395
deque,point,assign_fill,10000,ft,0.000359
deque,point,get_allocator,10000,ft,1e-06
deque,point,begin_end_iter,10000,ft,0.000609
deque,point,rbegin_rend_iter,10000,ft,0.000634
deque,point,size,10000,ft,0.00043
deque,point,max_size,10000,ft,1e-06
deque,point,resize_down,10000,ft,0.000336
deque,point,resize_up,10000,ft,0.000731
deque,point,empty,10000,ft,1e-06
deque,point,element_access_operator,10000,ft,0.000435
deque,point,element_access_at,10000,ft,0.000462
deque,point,element_access_front_back,10000,ft,0.000389
deque,point,push_back,10000,ft,0.000371
deque,point,push_front,10000,ft,0.000325
deque,point,pop_back,10000,ft,0.000258
deque,point,pop_front,10000,ft,0.000298
deque,point,insert_single,10000,ft,0.000425
deque,point,insert_fill,10000,ft,0.000437
deque,point,insert_range,10000,ft,0.000593
deque,point,erase_single,10000,ft,0.000472
deque,point,erase_range,10000,ft,0.00047
deque,point,swap,10000,ft,0.000729
deque,point,clear,10000,ft,0.000405
deque,point,constructor_default,10000,std,1e-06
deque,point,constructor_fill,10000,std,4.1e-05
deque,point,constructor_range,10000,std,7.1e-05
deque,point,constructor_copy,10000,std,0.000176
deque,point,operator_assign,10000,std,0.000174
deque,point,assign_range,10000,std,0.00012
deque,point,assign_fill,10000,std,6.8e-05
deque,point,get_allocator,10000,std,0
deque,point,begin_end_iter,10000,std,0.000137
deque,point,rbegin_rend_iter,10000,std,0.000363
deque,point,size,10000,std,0.000129
deque,point,max_size,10000,std,1e-06
deque,point,resize_down,10000,std,8.2e-05
deque,point,resize_up,10000,std,0.000158
deque,point,empty,10000,std,0
deque,point,element_access_operator,10000,std,0.000292
deque,point,element_access_at,10000,std,0.000385
deque,point,element_access_front_back,10000,std,8.4e-05
deque,point,push_back,10000,std,6.6e-05
deque,point,push_front,10000,std,6.4e-05
deque,point,pop_back,10000,std,9.7e-05
deque,point,pop_front,10000,std,9.8e-05
deque,point,insert_single,10000,std,7.7e-05
deque,point,insert_fill,10000,std,9.1e-05
deque,point,insert_range,10000,std,7.7e-05
deque,point,erase_single,10000,std,7.5e-05
deque,point,erase_range,10000,std,7.6e-05
deque,point,swap,10000,std,0.00012
deque,point,clear,10000,std,7.5e-05
deque,int,constructor_default,100000,ft,3e-06
deque,int,constructor_fill,100000,ft,0.00381
deque,int,constructor_range,100000,ft,0.004702
deque,int,constructor_copy,100000,ft,0.009221
deque,int,operator_assign,100000,ft,0.009034
deque,int,assign_range,100000,ft,0.004233
deque,int,assign_fill,100000,ft,0.004224
deque,int,get_allocator,100000,ft,1e-06
deque,int,begin_end_iter,100000,ft,0.005829
deque,int,rbegin_rend_iter,100000,ft,0.006629
deque,int,size,100000,ft,0.004297
deque,int,max_size,100000,ft,2e-06
deque,int,resize_down,100000,ft,0.003731
deque,int,resize_up,100000,ft,0.008316
deque,int,empty,100000,ft,2e-06
deque,int,element_access_operator,100000,ft,0.004818
deque,int,element_access_at,100000,ft,0.004959
deque,int,element_access_front_back,100000,ft,0.004109
deque,int,push_back,100000,ft,0.003856
deque,int,push_front,100000,ft,0.003685
deque,int,pop_back,100000,ft,0.002811
deque,int,pop_front,100000,ft,0.002867
deque,int,insert_single,100000,ft,0.004646
deque,int,insert_fill,100000,ft,0.004629
deque,int,insert_range,100000,ft,0.006073
deque,int,erase_single,100000,ft,0.004936
deque,int,erase_range,100000,ft,0.004833
deque,int,swap,100000,ft,0.008156
deque,int,clear,100000,ft,0.003855
deque,int,constructor_default,100000,std,2e-06
deque,int,constructor_fill,100000,std,9.5e-05
deque,int,constructor_range,100000,std,5e-05
deque,int,constructor_copy,100000,std,9.9e-05
deque,int,operator_assign,100000,std,0.00011
deque,int,assign_range,100000,std,4.8e-05
deque,int,assign_fill,100000,std,0.000229
deque,int,get_allocator,100000,std,1e-06
deque,int,begin_end_iter,100000,std,0.000656
deque,int,rbegin_rend_iter,100000,std,0.002668
deque,int,size,100000,std,5.3e-05
deque,int,max_size,100000,std,0
deque,int,resize_down,100000,std,4.9e-05
deque,int,resize_up,100000,std,0.000137
deque,int,empty,100000,std,0
deque,int,element_access_operator,100000,std,0.002727
deque,int,element_access_at,100000,std,0.003241
deque,int,element_access_front_back,100000,std,4.9e-05
deque,int,push_back,100000,std,0.000562
deque,int,push_front,100000,std,0.000558
deque,int,pop_back,100000,std,0.000304
deque,int,pop_front,100000,std,0.00032
deque,int,insert_single,100000,std,7e-05
deque,int,insert_fill,100000,std,6.8e-05
deque,int,insert_range,100000,std,6.9e-05
deque,int,erase_single,100000,std,6.9e-05
deque,int,erase_range,100000,std,5.9e-05
deque,int,swap,100000,std,0.000239
deque,int,clear,100000,std,5e-05
deque,string,constructor_default,100000,ft,4e-06
deque,string,constructor_fill,100000,ft,0.004191
deque,string,constructor_range,100000,ft,0.005459
deque,string,constructor_copy,100000,ft,0.011195
deque,string,operator_assign,100000,ft,0.010556
deque,string,assign_range,100000,ft,0.004908
deque,string,assign_fill,100000,ft,0.00408
deque,string,get_allocator,100000,ft,1e-06
deque,string,begin_end_iter,100000,ft,0.006847
deque,string,rbegin_rend_iter,100000,ft,0.008351
deque,string,size,100000,ft,0.004981
deque,string,max_size,100000,ft,2e-06
deque,string,resize_down,100000,ft,0.004344
deque,string,resize_up,100000,ft,0.009077
deque,string,empty,100000,ft,3e-06
deque,string,element_access_operator,100000,ft,0.005746
deque,string,element_access_at,100000,ft,0.006648
deque,string,element_access_front_back,100000,ft,0.005072
deque,string,push_back,100000,ft,0.004754
deque,string,push_front,100000,ft,0.004191
deque,string,pop_back,100000,ft,0.003504
deque,string,pop_front,100000,ft,0.003446
deque,string,insert_single,100000,ft,0.00699
deque,string,insert_fill,100000,ft,0.005108
deque,string,insert_range,100000,ft,0.010323
deque,string,erase_single,100000,ft,0.005772
deque,string,erase_range,100000,ft,0.005861
deque,string,swap,100000,ft,0.008916
deque,string,clear,100000,ft,0.004784
deque,string,constructor_default,100000,std,4e-06
deque,string,constructor_fill,100000,std,0.001387
deque,string,constructor_range,100000,std,0.002177
deque,string,constructor_copy,100000,std,0.004303
deque,string,operator_assign,100000,std,0.004235
deque,string,assign_range,100000,std,0.00221
deque,string,assign_fill,100000,std,0.001737
deque,string,get_allocator,100000,std,1e-06
deque,string,begin_end_iter,100000,std,0.003396
deque,string,rbegin_rend_iter,100000,std,0.005407
deque,string,size,100000,std,0.001939
deque,string,max_size,100000,std,1e-06
deque,string,resize_down,100000,std,0.002037
deque,string,resize_up,100000,std,0.003649
deque,string,empty,100000,std,1e-06
deque,string,element_access_operator,100000,std,0.005098
deque,string,element_access_at,100000,std,0.005737
deque,string,element_access_front_back,100000,std,0.002201
deque,string,push_back,100000,std,0.001786
deque,string,push_front,100000,std,0.00176
deque,string,pop_back,100000,std,0.002367
deque,string,pop_front,100000,std,0.002134
deque,string,insert_single,100000,std,0.002476
deque,string,insert_fill,100000,std,0.002526
deque,string,insert_range,100000,std,0.002501
deque,string,erase_single,100000,std,0.002445
deque,string,erase_range,100000,std,0.00236
deque,string,swap,100000,std,0.003495
deque,string,clear,100000,std,0.002047
deque,point,constructor_default,100000,ft,2e-06
deque,point,constructor_fill,100000,ft,0.003617
deque,point,constructor_range,100000,ft,0.004065
deque,point,constructor_copy,100000,ft,0.009267
deque,point,operator_assign,100000,ft,0.008596
deque,point,assign_range,100000,ft,0.004012
deque,point,assign_fill,100000,ft,0.003517
deque,point,get_allocator,100000,ft,1e-06
deque,point,begin_end_iter,100000,ft,0.006243
deque,point,rbegin_rend_iter,100000,ft,0.006113
deque,point,size,100000,ft,0.003942
deque,point,max_size,100000,ft,1e-06
deque,point,resize_down,100000,ft,0.003814
deque,point,resize_up,100000,ft,0.007476
deque,point,empty,100000,ft,1e-06
deque,point,element_access_operator,100000,ft,0.004514
deque,point,element_access_at,100000,ft,0.004784
deque,point,element_access_front_back,100000,ft,0.003885
deque,point,push_back,100000,ft,0.003733
deque,point,push_front,100000,ft,0.004078
deque,point,pop_back,100000,ft,0.002533
deque,point,pop_front,100000,ft,0.002837
deque,point,insert_single,100000,ft,0.004073
deque,point,insert_fill,100000,ft,0.00445
deque,point,insert_range,100000,ft,0.006513
deque,point,erase_single,100000,ft,0.004909
deque,point,erase_range,100000,ft,0.004653
deque,point,swap,100000,ft,0.007792
deque,point,clear,100000,ft,0.004047
deque,point,constructor_default,100000,std,2e-06
deque,point,constructor_fill,100000,std,0.000398
deque,point,constructor_range,100000,std,0.000697
deque,point,constructor_copy,100000,std,0.001649
deque,point,operator_assign,100000,std,0.001691
deque,point,assign_range,100000,std,0.00123
deque,point,assign_fill,100000,std,0.000659
deque,point,get_allocator,100000,std,0
deque,point,begin_end_iter,100000,std,0.001435
deque,point,rbegin_rend_iter,100000,std,0.003521
deque,point,size,100000,std,0.000832
deque,point,max_size,100000,std,1e-06
deque,point,resize_down,100000,std,0.000691
deque,point,resize_up,100000,std,0.001334
deque,point,empty,100000,std,1e-06
deque,point,element_access_operator,100000,std,0.002935
deque,point,element_access_at,100000,std,0.003809
deque,point,element_access_front_back,100000,std,0.000699
deque,point,push_back,100000,std,0.000669
deque,point,push_front,100000,std,0.000608
deque,point,pop_back,100000,std,0.001176
deque,point,pop_front,100000,std,0.000966
deque,point,insert_single,100000,std,0.000726
deque,point,insert_fill,100000,std,0.000728
deque,point,insert_range,100000,std,0.000748
deque,point,erase_single,100000,std,0.000719
deque,point,erase_range,100000,std,0.000726
deque,point,swap,100000,std,0.001103
deque,point,clear,100000,std,0.000691
list,int,constructor_default,1000,ft,1e-06
list,int,constructor_fill,1000,ft,3.1e-05
list,int,constructor_range,1000,ft,3e-05
list,int,constructor_copy,1000,ft,6.5e-05
list,int,operator_assign,1000,ft,5.9e-05
list,int,assign_range,1000,ft,3e-05
list,int,assign_fill,1000,ft,2.4e-05
list,int,get_allocator,1000,ft,0
list,int,begin_end_iter,1000,ft,3.5e-05
list,int,rbegin_rend_iter,1000,ft,5e-05
list,int,size,1000,ft,2.9e-05
list,int,max_size,1000,ft,1e-06
list,int,resize_down,1000,ft,3.3e-05
list,int,resize_up,1000,ft,5.3e-05
list,int,empty,1000,ft,1e-06
list,int,front_back,1000,ft,2.9e-05
list,int,push_back,1000,ft,2.7e-05
list,int,push_front,1000,ft,2.8e-05
list,int,pop_back,1000,ft,3.7e-05
list,int,pop_front,1000,ft,3.5e-05
list,int,insert_single,1000,ft,2.9e-05
list,int,insert_fill,1000,ft,2.9e-05
list,int,insert_range,1000,ft,3.2e-05
list,int,erase_single,1000,ft,2.8e-05
list,int,erase_range,1000,ft,3.2e-05
list,int,swap,1000,ft,5.3e-05
list,int,clear,1000,ft,2.9e-05
list,int,splice_all,1000,ft,2.9e-05
list,int,splice_one,1000,ft,2.9e-05
list,int,splice_range,1000,ft,3.1e-05
list,int,remove_value,1000,ft,3.5e-05
list,int,remove_if,1000,ft,3.5e-05
list,int,unique_default,1000,ft,4e-05
list,int,unique_pred,1000,ft,4e-05
list,int,merge_default,1000,ft,0.000105
list,int,merge_comp,1000,ft,0.000114
list,int,sort_default,1000,ft,0.000392
list,int,sort_comp,1000,ft,0.000396
list,int,reverse,1000,ft,3.2e-05
list,int,constructor_default,1000,std,0
list,int,constructor_fill,1000,std,4.8e-05
list,int,constructor_range,1000,std,6.7e-05
list,int,constructor_copy,1000,std,0.000156
list,int,operator_assign,1000,std,0.000138
list,int,assign_range,1000,std,5.9e-05
list,int,assign_fill,1000,std,4.9e-05
list,int,get_allocator,1000,std,0
list,int,begin_end_iter,1000,std,6e-05
list,int,rbegin_rend_iter,1000,std,7.2e-05
list,int,size,1000,std,4.9e-05
list,int,max_size,1000,std,1e-06
list,int,resize_down,1000,std,5.4e-05
list,int,resize_up,1000,std,9.6e-05
list,int,empty,1000,std,0
list,int,front_back,1000,std,5.1e-05
list,int,push_back,1000,std,4.3e-05
list,int,push_front,1000,std,4.2e-05
list,int,pop_back,1000,std,5.8e-05
list,int,pop_front,1000,std,5.6e-05
list,int,insert_single,1000,std,5e-05
list,int,insert_fill,1000,std,4.9e-05
list,int,insert_range,1000,std,5.5e-05
list,int,erase_single,1000,std,4.9e-05
list,int,erase_range,1000,std,5.3e-05
list,int,swap,1000,std,9.1e-05
list,int,clear,1000,std,5.2e-05
list,int,splice_all,1000,std,4.9e-05
list,int,splice_one,1000,std,4.9e-05
list,int,splice_range,1000,std,5e-05
list,int,remove_value,1000,std,5.7e-05
list,int,remove_if,1000,std,5.6e-05
list,int,unique_default,1000,std,6.3e-05
list,int,unique_pred,1000,std,6.6e-05
list,int,merge_default,1000,std,0.000127
list,int,merge_comp,1000,std,0.000125
list,int,sort_default,1000,std,0.000231
list,int,sort_comp,1000,std,0.000241
list,int,reverse,1000,std,5.5e-05
list,string,constructor_default,1000,ft,1e-06
list,string,constructor_fill,1000,ft,4e-05
list,string,constructor_range,1000,ft,4.4e-05
list,string,constructor_copy,1000,ft,9.2e-05
list,string,operator_assign,1000,ft,8.9e-05
list,string,assign_range,1000,ft,4.3e-05
list,string,assign_fill,1000,ft,4.1e-05
list,string,get_allocator,1000,ft,1e-06
list,string,begin_end_iter,1000,ft,5.9e-05
list,string,rbegin_rend_iter,1000,ft,6.8e-05
list,string,size,1000,ft,4.1e-05
list,string,max_size,1000,ft,1e-06
list,string,resize_down,1000,ft,4.6e-05
list,string,resize_up,1000,ft,7.8e-05
list,string,empty,1000,ft,1e-06
list,string,front_back,1000,ft,4.6e-05
list,string,push_back,1000,ft,3.9e-05
list,string,push_front,1000,ft,3.9e-05
list,string,pop_back,1000,ft,4.7e-05
list,string,pop_front,1000,ft,4.7e-05
list,string,insert_single,1000,ft,4.4e-05
list,string,insert_fill,1000,ft,4.6e-05
list,string,insert_range,1000,ft,4.3e-05
list,string,erase_single,1000,ft,4.2e-05
list,string,erase_range,1000,ft,5.2e-05
list,string,swap,1000,ft,7.8e-05
list,string,clear,1000,ft,4.4e-05
list,string,splice_all,1000,ft,4.4e-05
list,string,splice_one,1000,ft,4.4e-05
list,string,splice_range,1000,ft,4.4e-05
list,string,remove_value,1000,ft,6.5e-05
list,string,remove_if,1000,ft,6.2e-05
list,string,unique_default,1000,ft,7.3e-05
list,string,unique_pred,1000,ft,6.8e-05
list,string,merge_default,1000,ft,0.000137
list,string,merge_comp,1000,ft,0.000131
list,string,sort_default,1000,ft,0.000431
list,string,sort_comp,1000,ft,0.000438
list,string,reverse,1000,ft,5.2e-05
list,string,constructor_default,1000,std,0
list,string,constructor_fill,1000,std,5.4e-05
list,string,constructor_range,1000,std,5.6e-05
list,string,constructor_copy,1000,std,0.000112
list,string,operator_assign,1000,std,0.000109
list,string,assign_range,1000,std,5.6e-05
list,string,assign_fill,1000,std,4.3e-05
list,string,get_allocator,1000,std,1e-06
list,string,begin_end_iter,1000,std,7.1e-05
list,string,rbegin_rend_iter,1000,std,8.2e-05
list,string,size,1000,std,5.6e-05
list,string,max_size,1000,std,1e-06
list,string,resize_down,1000,std,8.2e-05
list,string,resize_up,1000,std,9.9e-05
list,string,empty,1000,std,0
list,string,front_back,1000,std,5.6e-05
list,string,push_back,1000,std,4.6e-05
list,string,push_front,1000,std,4.7e-05
list,string,pop_back,1000,std,6.1e-05
list,string,pop_front,1000,std,6.9e-05
list,string,insert_single,1000,std,6.6e-05
list,string,insert_fill,1000,std,7.3e-05
list,string,insert_range,1000,std,6.7e-05
list,string,erase_single,1000,std,5.6e-05
list,string,erase_range,1000,std,6.1e-05
list,string,swap,1000,std,9.9e-05
list,string,clear,1000,std,5.6e-05
list,string,splice_all,1000,std,5.7e-05
list,string,splice_one,1000,std,6.2e-05
list,string,splice_range,1000,std,5.7e-05
list,string,remove_value,1000,std,7.6e-05
list,string,remove_if,1000,std,7.1e-05
list,string,unique_default,1000,std,8.2e-05
list,string,unique_pred,1000,std,7.9e-05
list,string,merge_default,1000,std,0.00014
list,string,merge_comp,1000,std,0.000142
list,string,sort_default,1000,std,0.000294
list,string,sort_comp,1000,std,0.000304
list,string,reverse,1000,std,6.1e-05
list,point,constructor_default,1000,ft,1e-06
list,point,constructor_fill,1000,ft,3.1e-05
list,point,constructor_range,1000,ft,3e-05
list,point,constructor_copy,1000,ft,6.6e-05
list,point,operator_assign,1000,ft,6.3e-05
list,point,assign_range,1000,ft,2.9e-05
list,point,assign_fill,1000,ft,2.4e-05
list,point,get_allocator,1000,ft,1e-06
list,point,begin_end_iter,1000,ft,3.4e-05
list,point,rbegin_rend_iter,1000,ft,4.7e-05
list,point,size,1000,ft,2.8e-05
list,point,max_size,1000,ft,0
list,point,resize_down,1000,ft,3.4e-05
list,point,resize_up,1000,ft,5.2e-05
list,point,empty,1000,ft,1e-06
list,point,front_back,1000,ft,3e-05
list,point,push_back,1000,ft,2.7e-05
list,point,push_front,1000,ft,2.7e-05
list,point,pop_back,1000,ft,3.6e-05
list,point,pop_front,1000,ft,4e-05
list,point,insert_single,1000,ft,2.9e-05
list,point,insert_fill,1000,ft,3.1e-05
list,point,insert_range,1000,ft,2.9e-05
list,point,erase_single,1000,ft,3.1e-05
list,point,erase_range,1000,ft,3.2e-05
list,point,swap,1000,ft,5.3e-05
list,point,clear,1000,ft,2.8e-05
list,point,splice_all,1000,ft,2.9e-05
list,point,splice_one,1000,ft,2.9e-05
list,point,splice_range,1000,ft,2.9e-05
list,point,remove_value,1000,ft,3.5e-05
list,point,remove_if,1000,ft,4.2e-05
list,point,unique_default,1000,ft,4.1e-05
list,point,unique_pred,1000,ft,4e-05
list,point,merge_default,1000,ft,8.6e-05
list,point,merge_comp,1000,ft,8.9e-05
list,point,sort_default,1000,ft,0.000383
list,point,sort_comp,1000,ft,0.000371
list,point,reverse,1000,ft,3.1e-05
list,point,constructor_default,1000,std,0
list,point,constructor_fill,1000,std,5e-05
list,point,constructor_range,1000,std,4.6e-05
list,point,constructor_copy,1000,std,9.9e-05
list,point,operator_assign,1000,std,9.5e-05
list,point,assign_range,1000,std,4.7e-05
list,point,assign_fill,1000,std,4.2e-05
list,point,get_allocator,1000,std,1e-06
list,point,begin_end_iter,1000,std,5.5e-05
list,point,rbegin_rend_iter,1000,std,7.4e-05
list,point,size,1000,std,4.6e-05
list,point,max_size,1000,std,0
list,point,resize_down,1000,std,5.9e-05
list,point,resize_up,1000,std,8.9e-05
list,point,empty,1000,std,1e-06
list,point,front_back,1000,std,4.5e-05
list,point,push_back,1000,std,4.3e-05
list,point,push_front,1000,std,4.3e-05
list,point,pop_back,1000,std,5.5e-05
list,point,pop_front,1000,std,5.5e-05
list,point,insert_single,1000,std,4.8e-05
list,point,insert_fill,1000,std,4.7e-05
list,point,insert_range,1000,std,4.7e-05
list,point,erase_single,1000,std,4.8e-05
list,point,erase_range,1000,std,5.1e-05
list,point,swap,1000,std,9.4e-05
list,point,clear,1000,std,4.6e-05
list,point,splice_all,1000,std,4.5e-05
list,point,splice_one,1000,std,4.6e-05
list,point,splice_range,1000,std,4.9e-05
list,point,remove_value,1000,std,5.4e-05
list,point,remove_if,1000,std,5.8e-05
list,point,unique_default,1000,std,5.8e-05
list,point,unique_pred,1000,std,6.6e-05
list,point,merge_default,1000,std,0.000119
list,point,merge_comp,1000,std,0.000117
list,point,sort_default,1000,std,0.000235
list,point,sort_comp,1000,std,0.000242
list,point,reverse,1000,std,5.1e-05
list,int,constructor_default,10000,ft,0
list,int,constructor_fill,10000,ft,0.000285
list,int,constructor_range,10000,ft,0.000279
list,int,constructor_copy,10000,ft,0.000628
list,int,operator_assign,10000,ft,0.000596
list,int,assign_range,10000,ft,0.000288
list,int,assign_fill,10000,ft,0.000234
list,int,get_allocator,10000,ft,0
list,int,begin_end_iter,10000,ft,0.000333
list,int,rbegin_rend_iter,10000,ft,0.000456
list,int,size,10000,ft,0.00028
list,int,max_size,10000,ft,0
list,int,resize_down,10000,ft,0.000312
list,int,resize_up,10000,ft,0.000519
list,int,empty,10000,ft,1e-06
list,int,front_back,10000,ft,0.000293
list,int,push_back,10000,ft,0.000277
list,int,push_front,10000,ft,0.000268
list,int,pop_back,10000,ft,0.000353
list,int,pop_front,10000,ft,0.000361
list,int,insert_single,10000,ft,0.00029
list,int,insert_fill,10000,ft,0.00029
list,int,insert_range,10000,ft,0.000314
list,int,erase_single,10000,ft,0.000286
list,int,erase_range,10000,ft,0.000356
list,int,swap,10000,ft,0.000572
list,int,clear,10000,ft,0.000304
list,int,splice_all,10000,ft,0.000284
list,int,splice_one,10000,ft,0.000293
list,int,splice_range,10000,ft,0.000298
list,int,remove_value,10000,ft,0.000335
list,int,remove_if,10000,ft,0.000358
list,int,unique_default,10000,ft,0.000388
list,int,unique_pred,10000,ft,0.000395
list,int,merge_default,10000,ft,0.000786
list,int,merge_comp,10000,ft,0.000829
list,int,sort_default,10000,ft,0.004925
list,int,sort_comp,10000,ft,0.005052
list,int,reverse,10000,ft,0.000339
list,int,constructor_default,10000,std,1e-06
list,int,constructor_fill,10000,std,0.000459
list,int,constructor_range,10000,std,0.000485
list,int,constructor_copy,10000,std,0.001015
list,int,operator_assign,10000,std,0.001005
list,int,assign_range,10000,std,0.000485
list,int,assign_fill,10000,std,0.00044
list,int,get_allocator,10000,std,0
list,int,begin_end_iter,10000,std,0.000569
list,int,rbegin_rend_iter,10000,std,0.000696
list,int,size,10000,std,0.000476
list,int,max_size,10000,std,1e-06
list,int,resize_down,10000,std,0.000691
list,int,resize_up,10000,std,0.000894
list,int,empty,10000,std,0
list,int,front_back,10000,std,0.000484
list,int,push_back,10000,std,0.000431
list,int,push_front,10000,std,0.000429
list,int,pop_back,10000,std,0.000543
list,int,pop_front,10000,std,0.000542
list,int,insert_single,10000,std,0.000488
list,int,insert_fill,10000,std,0.000484
list,int,insert_range,10000,std,0.000493
list,int,erase_single,10000,std,0.000508
list,int,erase_range,10000,std,0.000532
list,int,swap,10000,std,0.000916
list,int,clear,10000,std,0.000497
list,int,splice_all,10000,std,0.000511
list,int,splice_one,10000,std,0.000473
list,int,splice_range,10000,std,0.00048
list,int,remove_value,10000,std,0.000545
list,int,remove_if,10000,std,0.000563
list,int,unique_default,10000,std,0.000639
list,int,unique_pred,10000,std,0.000622
list,int,merge_default,10000,std,0.001199
list,int,merge_comp,10000,std,0.001229
list,int,sort_default,10000,std,0.002819
list,int,sort_comp,10000,std,0.00299
list,int,reverse,10000,std,0.000554
list,string,constructor_default,10000,ft,1e-06
list,string,constructor_fill,10000,ft,0.000374
list,string,constructor_range,10000,ft,0.000474
list,string,constructor_copy,10000,ft,0.000979
list,string,operator_assign,10000,ft,0.000842
list,string,assign_range,10000,ft,0.000415
list,string,assign_fill,10000,ft,0.000414
list,string,get_allocator,10000,ft,1e-06
list,string,begin_end_iter,10000,ft,0.000582
list,string,rbegin_rend_iter,10000,ft,0.000662
list,string,size,10000,ft,0.000424
list,string,max_size,10000,ft,0
list,string,resize_down,10000,ft,0.000461
list,string,resize_up,10000,ft,0.000838
list,string,empty,10000,ft,0
list,string,front_back,10000,ft,0.000447
list,string,push_back,10000,ft,0.000412
list,string,push_front,10000,ft,0.000391
list,string,pop_back,10000,ft,0.000462
list,string,pop_front,10000,ft,0.000463
list,string,insert_single,10000,ft,0.000426
list,string,insert_fill,10000,ft,0.000442
list,string,insert_range,10000,ft,0.000451
list,string,erase_single,10000,ft,0.000456
list,string,erase_range,10000,ft,0.000476
list,string,swap,10000,ft,0.000771
list,string,clear,10000,ft,0.000417
list,string,splice_all,10000,ft,0.000428
list,string,splice_one,10000,ft,0.000429
list,string,splice_range,10000,ft,0.000428
list,string,remove_value,10000,ft,0.000639
list,string,remove_if,10000,ft,0.00061
list,string,unique_default,10000,ft,0.000676
list,string,unique_pred,10000,ft,0.000664
list,string,merge_default,10000,ft,0.001357
list,string,merge_comp,10000,ft,0.001427
list,string,sort_default,10000,ft,0.005576
list,string,sort_comp,10000,ft,0.005499
list,string,reverse,10000,ft,0.000502
list,string,constructor_default,10000,std,0
list,string,constructor_fill,10000,std,0.00046
list,string,constructor_range,10000,std,0.000549
list,string,constructor_copy,10000,std,0.00109
list,string,operator_assign,10000,std,0.001063
list,string,assign_range,10000,std,0.000548
list,string,assign_fill,10000,std,0.000423
list,string,get_allocator,10000,std,0
list,string,begin_end_iter,10000,std,0.000703
list,string,rbegin_rend_iter,10000,std,0.000781
list,string,size,10000,std,0.000548
list,string,max_size,10000,std,0
list,string,resize_down,10000,std,0.000611
list,string,resize_up,10000,std,0.001
list,string,empty,10000,std,1e-06
list,string,front_back,10000,std,0.000558
list,string,push_back,10000,std,0.000448
list,string,push_front,10000,std,0.000463
list,string,pop_back,10000,std,0.000606
list,string,pop_front,10000,std,0.000621
list,string,insert_single,10000,std,0.000546
list,string,insert_fill,10000,std,0.000552
list,string,insert_range,10000,std,0.000599
list,string,erase_single,10000,std,0.000558
list,string,erase_range,10000,std,0.000574
list,string,swap,10000,std,0.00097
list,string,clear,10000,std,0.000562
list,string,splice_all,10000,std,0.000553
list,string,splice_one,10000,std,0.000549
list,string,splice_range,10000,std,0.000545
list,string,remove_value,10000,std,0.000738
list,string,remove_if,10000,std,0.000688
list,string,unique_default,10000,std,0.000757
list,string,unique_pred,10000,std,0.000772
list,string,merge_default,10000,std,0.001435
list,string,merge_comp,10000,std,0.001486
list,string,sort_default,10000,std,0.003643
list,string,sort_comp,10000,std,0.00397
list,string,reverse,10000,std,0.000642
list,point,constructor_default,10000,ft,1e-06
list,point,constructor_fill,10000,ft,0.000314
list,point,constructor_range,10000,ft,0.000277
list,point,constructor_copy,10000,ft,0.000635
list,point,operator_assign,10000,ft,0.000575
list,point,assign_range,10000,ft,0.000378
list,point,assign_fill,10000,ft,0.000245
list,point,get_allocator,10000,ft,0
list,point,begin_end_iter,10000,ft,0.000338
list,point,rbegin_rend_iter,10000,ft,0.000435
list,point,size,10000,ft,0.000288
list,point,max_size,10000,ft,1e-06
list,point,resize_down,10000,ft,0.000308
list,point,resize_up,10000,ft,0.000517
list,point,empty,10000,ft,0
list,point,front_back,10000,ft,0.000282
list,point,push_back,10000,ft,0.000262
list,point,push_front,10000,ft,0.00026
list,point,pop_back,10000,ft,0.00034
list,point,pop_front,10000,ft,0.000342
list,point,insert_single,10000,ft,0.000293
list,point,insert_fill,10000,ft,0.000291
list,point,insert_range,10000,ft,0.000298
list,point,erase_single,10000,ft,0.000284
list,point,erase_range,10000,ft,0.000328
list,point,swap,10000,ft,0.000523
list,point,clear,10000,ft,0.000286
list,point,splice_all,10000,ft,0.000278
list,point,splice_one,10000,ft,0.00028
list,point,splice_range,10000,ft,0.000281
list,point,remove_value,10000,ft,0.000343
list,point,remove_if,10000,ft,0.000382
list,point,unique_default,10000,ft,0.000409
list,point,unique_pred,10000,ft,0.0004
list,point,merge_default,10000,ft,0.000814
list,point,merge_comp,10000,ft,0.000846
list,point,sort_default,10000,ft,0.004826
list,point,sort_comp,10000,ft,0.00472
list,point,reverse,10000,ft,0.000347
list,point,constructor_default,10000,std,0
list,point,constructor_fill,10000,std,0.000529
list,point,constructor_range,10000,std,0.000552
list,point,constructor_copy,10000,std,0.000982
list,point,operator_assign,10000,std,0.000964
list,point,assign_range,10000,std,0.000477
list,point,assign_fill,10000,std,0.00042
list,point,get_allocator,10000,std,0
list,point,begin_end_iter,10000,std,0.00058
list,point,rbegin_rend_iter,10000,std,0.00065
list,point,size,10000,std,0.00046
list,point,max_size,10000,std,0
list,point,resize_down,10000,std,0.000525
list,point,resize_up,10000,std,0.000892
list,point,empty,10000,std,1e-06
list,point,front_back,10000,std,0.000456
list,point,push_back,10000,std,0.000436
list,point,push_front,10000,std,0.000439
list,point,pop_back,10000,std,0.000506
list,point,pop_front,10000,std,0.00052
list,point,insert_single,10000,std,0.000454
list,point,insert_fill,10000,std,0.000474
list,point,insert_range,10000,std,0.000464
list,point,erase_single,10000,std,0.000473
list,point,erase_range,10000,std,0.000508
list,point,swap,10000,std,0.000929
list,point,clear,10000,std,0.000454
list,point,splice_all,10000,std,0.000472
list,point,splice_one,10000,std,0.000454
list,point,splice_range,10000,std,0.000467
list,point,remove_value,10000,std,0.000546
list,point,remove_if,10000,std,0.000545
list,point,unique_default,10000,std,0.00059
list,point,unique_pred,10000,std,0.000596
list,point,merge_default,10000,std,0.001057
list,point,merge_comp,10000,std,0.001094
list,point,sort_default,10000,std,0.003085
list,point,sort_comp,10000,std,0.003088
list,point,reverse,10000,std,0.00054
list,int,constructor_default,100000,ft,2e-06
list,int,constructor_fill,100000,ft,0.002918
list,int,constructor_range,100000,ft,0.002823
list,int,constructor_copy,100000,ft,0.006353
list,int,operator_assign,100000,ft,0.006465
list,int,assign_range,100000,ft,0.002869
list,int,assign_fill,100000,ft,0.00237
list,int,get_allocator,100000,ft,0
list,int,begin_end_iter,100000,ft,0.003387
list,int,rbegin_rend_iter,100000,ft,0.004669
list,int,size,100000,ft,0.002842
list,int,max_size,100000,ft,1e-06
list,int,resize_down,100000,ft,0.003339
list,int,resize_up,100000,ft,0.005198
list,int,empty,100000,ft,1e-06
list,int,front_back,100000,ft,0.002883
list,int,push_back,100000,ft,0.002713
list,int,push_front,100000,ft,0.002631
list,int,pop_back,100000,ft,0.003503
list,int,pop_front,100000,ft,0.004422
list,int,insert_single,100000,ft,0.002869
list,int,insert_fill,100000,ft,0.002886
list,int,insert_range,100000,ft,0.002839
list,int,erase_single,100000,ft,0.002911
list,int,erase_range,100000,ft,0.003384
list,int,swap,100000,ft,0.005372
list,int,clear,100000,ft,0.002979
list,int,splice_all,100000,ft,0.002859
list,int,splice_one,100000,ft,0.002848
list,int,splice_range,100000,ft,0.002824
list,int,remove_value,100000,ft,0.003401
list,int,remove_if,100000,ft,0.003462
list,int,unique_default,100000,ft,0.003909
list,int,unique_pred,100000,ft,0.004035
list,int,merge_default,100000,ft,0.008208
list,int,merge_comp,100000,ft,0.008364
list,int,sort_default,100000,ft,0.062399
list,int,sort_comp,100000,ft,0.066557
list,int,reverse,100000,ft,0.006184
list,int,constructor_default,100000,std,0
list,int,constructor_fill,100000,std,0.004485
list,int,constructor_range,100000,std,0.00491
list,int,constructor_copy,100000,std,0.010298
list,int,operator_assign,100000,std,0.010209
list,int,assign_range,100000,std,0.004756
list,int,assign_fill,100000,std,0.00418
list,int,get_allocator,100000,std,0
list,int,begin_end_iter,100000,std,0.005939
list,int,rbegin_rend_iter,100000,std,0.00677
list,int,size,100000,std,0.004798
list,int,max_size,100000,std,1e-06
list,int,resize_down,100000,std,0.005458
list,int,resize_up,100000,std,0.010355
list,int,empty,100000,std,1e-06
list,int,front_back,100000,std,0.004915
list,int,push_back,100000,std,0.004275
list,int,push_front,100000,std,0.004367
list,int,pop_back,100000,std,0.005685
list,int,pop_front,100000,std,0.005872
list,int,insert_single,100000,std,0.004848
list,int,insert_fill,100000,std,0.005052
list,int,insert_range,100000,std,0.004824
list,int,erase_single,100000,std,0.004936
list,int,erase_range,100000,std,0.005183
list,int,swap,100000,std,0.009202
list,int,clear,100000,std,0.004847
list,int,splice_all,100000,std,0.004819
list,int,splice_one,100000,std,0.004861
list,int,splice_range,100000,std,0.004776
list,int,remove_value,100000,std,0.005475
list,int,remove_if,100000,std,0.005541
list,int,unique_default,100000,std,0.006193
list,int,unique_pred,100000,std,0.006199
list,int,merge_default,100000,std,0.011685
list,int,merge_comp,100000,std,0.011872
list,int,sort_default,100000,std,0.036237
list,int,sort_comp,100000,std,0.039745
list,int,reverse,100000,std,0.008101
list,string,constructor_default,100000,ft,2e-06
list,string,constructor_fill,100000,ft,0.003937
list,string,constructor_range,100000,ft,0.004232
list,string,constructor_copy,100000,ft,0.011941
list,string,operator_assign,100000,ft,0.008851
list,string,assign_range,100000,ft,0.004276
list,string,assign_fill,100000,ft,0.003508
list,string,get_allocator,100000,ft,1e-06
list,string,begin_end_iter,100000,ft,0.005687
list,string,rbegin_rend_iter,100000,ft,0.006744
list,string,size,100000,ft,0.004192
list,string,max_size,100000,ft,0
list,string,resize_down,100000,ft,0.004617
list,string,resize_up,100000,ft,0.008024
list,string,empty,100000,ft,2e-06
list,string,front_back,100000,ft,0.004371
list,string,push_back,100000,ft,0.004114
list,string,push_front,100000,ft,0.00398
list,string,pop_back,100000,ft,0.004899
list,string,pop_front,100000,ft,0.004771
list,string,insert_single,100000,ft,0.004299
list,string,insert_fill,100000,ft,0.004746
list,string,insert_range,100000,ft,0.004559
list,string,erase_single,100000,ft,0.004256
list,string,erase_range,100000,ft,0.004906
list,string,swap,100000,ft,0.007884
list,string,clear,100000,ft,0.004275
list,string,splice_all,100000,ft,0.004377
list,string,splice_one,100000,ft,0.004308
list,string,splice_range,100000,ft,0.004319
list,string,remove_value,100000,ft,0.006366
list,string,remove_if,100000,ft,0.005798
list,string,unique_default,100000,ft,0.00701
list,string,unique_pred,100000,ft,0.006646
list,string,merge_default,100000,ft,0.01237
list,string,merge_comp,100000,ft,0.012196
list,string,sort_default,100000,ft,0.070346
list,string,sort_comp,100000,ft,0.070423
list,string,reverse,100000,ft,0.008215
list,string,constructor_default,100000,std,0
list,string,constructor_fill,100000,std,0.004647
list,string,constructor_range,100000,std,0.005428
list,string,constructor_copy,100000,std,0.010979
list,string,operator_assign,100000,std,0.010907
list,string,assign_range,100000,std,0.005548
list,string,assign_fill,100000,std,0.004271
list,string,get_allocator,100000,std,1e-06
list,string,begin_end_iter,100000,std,0.006944
list,string,rbegin_rend_iter,100000,std,0.007697
list,string,size,100000,std,0.005542
list,string,max_size,100000,std,0
list,string,resize_down,100000,std,0.006165
list,string,resize_up,100000,std,0.00988
list,string,empty,100000,std,1e-06
list,string,front_back,100000,std,0.005438
list,string,push_back,100000,std,0.00454
list,string,push_front,100000,std,0.00458
list,string,pop_back,100000,std,0.006022
list,string,pop_front,100000,std,0.0062
list,string,insert_single,100000,std,0.005407
list,string,insert_fill,100000,std,0.005427
list,string,insert_range,100000,std,0.00542
list,string,erase_single,100000,std,0.005453
list,string,erase_range,100000,std,0.00587
list,string,swap,100000,std,0.009934
list,string,clear,100000,std,0.005329
list,string,splice_all,100000,std,0.005392
list,string,splice_one,100000,std,0.005403
list,string,splice_range,100000,std,0.005375
list,string,remove_value,100000,std,0.007264
list,string,remove_if,100000,std,0.007126
list,string,unique_default,100000,std,0.007569
list,string,unique_pred,100000,std,0.008262
list,string,merge_default,100000,std,0.013026
list,string,merge_comp,100000,std,0.013386
list,string,sort_default,100000,std,0.048328
list,string,sort_comp,100000,std,0.053032
list,string,reverse,100000,std,0.009166
list,point,constructor_default,100000,ft,1e-06
list,point,constructor_fill,100000,ft,0.003016
list,point,constructor_range,100000,ft,0.002852
list,point,constructor_copy,100000,ft,0.006193
list,point,operator_assign,100000,ft,0.00589
list,point,assign_range,100000,ft,0.002861
list,point,assign_fill,100000,ft,0.002334
list,point,get_allocator,100000,ft,0
list,point,begin_end_iter,100000,ft,0.00331
list,point,rbegin_rend_iter,100000,ft,0.004603
list,point,size,100000,ft,0.003322
list,point,max_size,100000,ft,1e-06
list,point,resize_down,100000,ft,0.003114
list,point,resize_up,100000,ft,0.005437
list,point,empty,100000,ft,0
list,point,front_back,100000,ft,0.003014
list,point,push_back,100000,ft,0.002666
list,point,push_front,100000,ft,0.002576
list,point,pop_back,100000,ft,0.00351
list,point,pop_front,100000,ft,0.00354
list,point,insert_single,100000,ft,0.002862
list,point,insert_fill,100000,ft,0.002838
list,point,insert_range,100000,ft,0.002851
list,point,erase_single,100000,ft,0.00331
list,point,erase_range,100000,ft,0.003286
list,point,swap,100000,ft,0.005395
list,point,clear,100000,ft,0.002834
list,point,splice_all,100000,ft,0.002842
list,point,splice_one,100000,ft,0.002906
list,point,splice_range,100000,ft,0.002787
list,point,remove_value,100000,ft,0.003434
list,point,remove_if,100000,ft,0.003812
list,point,unique_default,100000,ft,0.003928
list,point,unique_pred,100000,ft,0.003964
list,point,merge_default,100000,ft,0.008196
list,point,merge_comp,100000,ft,0.008267
list,point,sort_default,100000,ft,0.058348
list,point,sort_comp,100000,ft,0.059427
list,point,reverse,100000,ft,0.006652
list,point,constructor_default,100000,std,1e-06
list,point,constructor_fill,100000,std,0.004479
list,point,constructor_range,100000,std,0.004527
list,point,constructor_copy,100000,std,0.010032
list,point,operator_assign,100000,std,0.00962
list,point,assign_range,100000,std,0.004633
list,point,assign_fill,100000,std,0.004198
list,point,get_allocator,100000,std,1e-06
list,point,begin_end_iter,100000,std,0.005569
list,point,rbegin_rend_iter,100000,std,0.00657
list,point,size,100000,std,0.004655
list,point,max_size,100000,std,1e-06
list,point,resize_down,100000,std,0.00513
list,point,resize_up,100000,std,0.009032
list,point,empty,100000,std,0
list,point,front_back,100000,std,0.004561
list,point,push_back,100000,std,0.004364
list,point,push_front,100000,std,0.004302
list,point,pop_back,100000,std,0.005296
list,point,pop_front,100000,std,0.005258
list,point,insert_single,100000,std,0.004623
list,point,insert_fill,100000,std,0.004566
list,point,insert_range,100000,std,0.004578
list,point,erase_single,100000,std,0.004764
list,point,erase_range,100000,std,0.004874
list,point,swap,100000,std,0.008846
list,point,clear,100000,std,0.004653
list,point,splice_all,100000,std,0.004704
list,point,splice_one,100000,std,0.004605
list,point,splice_range,100000,std,0.004523
list,point,remove_value,100000,std,0.005277
list,point,remove_if,100000,std,0.005582
list,point,unique_default,100000,std,0.006024
list,point,unique_pred,100000,std,0.006074
list,point,merge_default,100000,std,0.01128
list,point,merge_comp,100000,std,0.01147
list,point,sort_default,100000,std,0.036943
list,point,sort_comp,100000,std,0.040573
list,point,reverse,100000,std,0.007587
